;31.557;;;;;;;;;;;;;;;;;;;;;;;;;;;;;;
Part;Prix;Value;Device;Package;Description;MOUSER;MOUSER_PART_NUMBER;Mfr. No:;MOUSER_PRICE-STOCK;MP;MPN;OC_FARNELL;OC_NEWARK;PACKAGE;PACKAGING;PART-NUMBER;PINS;POPULARITY;PRICE;PU;RS_PART_NUMBER;RS_PRICE-STOCK;SPICEPREFIX;SUSUMU;TAIYO_YUDEN;TDK;TP_SIGNAL_NAME;TYPE;VALUE;VISHAY;WORKING-VOLTAGE
C1;0.75;1uF;C-EUC1812K;C1812K;CAPACITOR, European symbol;810-CGA8P3X7T2E105MA;;CGA8P3X7T2E105M250KA;;;;;;;;;;0;;1.07;;;C;;;C4532X7T2E105M250KE;;;;;
C2;0.75;1uF;C-EUC1812K;C1812K;CAPACITOR, European symbol;810-CGA8P3X7T2E105MA;;;;;;;;;;;;0;;1.07;;;C;;;C4532X7T2E105M250KE;;;;;
C3;0.669;0.1uF;C-EUC1808;C1808;CAPACITOR, European symbol;581-1808PC104KAT1A;;1808PC104KAT1A;;;;;;;;;;0;;0.88;;;C;;;;;;;;
C4;0.101;100nF;C-EUC1812K;C1812K;CAPACITOR, European symbol;;;;;;;;;;;;;;;;;;;;;;;;;;
C5;0.046;220pF;C-EUC0402;C0402;CAPACITOR, European symbol;963-LMK042B7221KC-W;;LMK042B7221KC-W;;;;;;;;;;18;;;;;C;;;;;;;;
C6;0.24;100pF;C-EUC0805;C0805;CAPACITOR, European symbol;81-GCM21A5C2E101JX1D;;GCM21A5C2E101JX01D;;;;;;;;;;88;;0.319;;;C;;;;;;;;
C7;0.165;430pF;C-EUC0805;C0805;CAPACITOR, European symbol;581-08055A431JAT4A;;08055A431JAT4A;;;;;;;;;;88;;0.23;;;C;;;;;;;;
C8;1.23;100uF ;C-EUC1210;C1210;CAPACITOR, European symbol;963-EMK325ABJ107MM-P;;EMK325ABJ107MM-P;;;;;;;;;;0;;;;;C;;EMK325ABJ107MM-P;;;;;;
C10;0.101;100nF;C-EUC0805;C0805;CAPACITOR, European symbol;963-EMF212B7104KGHT;;;;;;;;;;;;88;;0.23;;;C;;;;;;;;
C11;0.084;1nF;C-EUC0805;C0805;CAPACITOR, European symbol;710-885382207004;;;;;;;;;;;;88;;0.122;;;C;;;;;;;;
C12;0.669;0.1uF;C-EUC1808;C1808;CAPACITOR, European symbol;581-1808PC104KAT1A;;;;;;;;;;;;0;;0.88;;;C;;;;;;;;
C14;0.391;47uF;C-EUC1210;C1210;CAPACITOR, European symbol;963-EMK325BJ476MM-P;;;;;;;;;;;;0;;;;;C;;;;;;;;
C15;0.15;560pF/250V;C-EUC0603;C0603;CAPACITOR, European symbol;80-C0603C561JAG;;;;;;;;;;;;73;;0.038;;;C;;;;;;;;
C16;1.23;100uF;C-EUC1210;C1210;CAPACITOR, European symbol;963-EMK325ABJ107MM-P;;;;;;;;;;;;0;;;;;C;;EMK325ABJ107MM-P;;;;;;
C18;0.052;0.1uF;C-EUC0402;C0402;CAPACITOR, European symbol;963-LMF105B7104KVHF;;;;;;;;;;;;18;;0.676;;;C;;;;;;;;
C20;;0.1uF;CAP0805-NP;CAP0805-NP;;;;;;;;;;;;;;;;;;;;;;;;;;;
C21;2.42;0.33F;AHG-35/100-RADIAL;ELNA21.5X8.0;AUDYN® - AHG Gepolt, radial;555-DBN-5R5D334T;;DBN-5R5D334T;;;;;;;;;;;;2.46;;;;;;;;;;;
C22;;100n;C-EUC0805;C0805;CAPACITOR, European symbol;;;;;;;;;;;;;88;;;;;C;;;;;;;;
C23;;100nF;C-EUC0805;C0805;CAPACITOR, European symbol;;;;;;;;;;;;;88;;;;;C;;;;;;;;
C24;;100nF;C-EUC0805;C0805;CAPACITOR, European symbol;;;;;;;;;;;;;88;;;;;C;;;;;;;;
C25;;100nF;C-EUC0805;C0805;CAPACITOR, European symbol;;;;;;;;;;;;;88;;;;;C;;;;;;;;
D1;0.33;ES1D;ES2D;SMB;DIODE;512-ES1D;;ES1D;;;;;;;;;;3;;;;;;;;;;;;;
D2;0.133;BAT54;SP4020-01FTG;SOD323;SP4020 Series 2.5pF, 30A Discrete TVS Diode;621-BAT54WS-F;;;;;SP4020-01FTG;unknown;05X0400;;;;;;;;;;;;;;;;;;
D40;0.308;CGRM4001-G;CGRM4001-G;SOD-123_MINI-SMA;Molded plasitc,JEDEC SOD-123/Mini SMA;863-NSR0320MW2T1G;;;;;;;;;;;;0;;0.22;;;;;;;;;;;
EXOS;0;PTR1TP09R;PTR1TP09R;TP09R;TEST PIN;;;;;;;;;;;;;1;;;;;;;;;;;;;
EXOS1;0;PTR1TP09R;PTR1TP09R;TP09R;TEST PIN;;;;;;;;;;;;;1;;;;;;;;;;;;;
H1;0;MOUNT-HOLE2.8;MOUNT-HOLE2.8;2,8;MOUNTING HOLE with drill center marker;;;;;;;;;;;;;15;;;;;;;;;;;;;
H2;0;MOUNT-HOLE2.8;MOUNT-HOLE2.8;2,8;MOUNTING HOLE with drill center marker;;;;;;;;;;;;;15;;;;;;;;;;;;;
H3;0;MOUNT-HOLE2.8;MOUNT-HOLE2.8;2,8;MOUNTING HOLE with drill center marker;;;;;;;;;;;;;15;;;;;;;;;;;;;
H4;0;MOUNT-HOLE2.8;MOUNT-HOLE2.8;2,8;MOUNTING HOLE with drill center marker;;;;;;;;;;;;;15;;;;;;;;;;;;;
H5;0;MOUNT-HOLE2.8;MOUNT-HOLE2.8;2,8;MOUNTING HOLE with drill center marker;;;;;;;;;;;;;15;;;;;;;;;;;;;
H6;0;MOUNT-HOLE2.8;MOUNT-HOLE2.8;2,8;MOUNTING HOLE with drill center marker;;;;;;;;;;;;;15;;;;;;;;;;;;;
HT;0;PTR1TP09R;PTR1TP09R;TP09R;TEST PIN;;;;;;;;;;;;;1;;;;;;;;;;;;;
IC1;;;ESP12ESMD;ESP12E-SMD;ESP12E Module;;;;;;;;;;;;;;;;;;;;;;;;;;
IC2;9.84;DS3231/SO;DS3231/SO;SO16W;;700-DS3231SN#;;;;DS3231;;;;SOIC-16 Maxim Integrated;;;;;None;9.5;;;;;;;;;;;
IC4;2.88;ATMEGA328;ATMEGA168-20AU;QFP032;;;556-ATMEGA168-20AU;ATMEGA168-20AU;;;;;;;;;;;;1.4;;;;;;;;;;;
IC5;;LM1117MP-3.3_NOPB;LM1117MP-3.3_NOPB;SOT230P700X180-4N;Space saving 800-mA low-dropout linear regulator with internal current limit;;926-LM1117MP-3.3NOPB;;https://www.mouser.co.uk/ProductDetail/Texas-Instruments/LM1117MP-33-NOPB?qs=X1J7HmVL2ZFn4x9DZ4T2hA%3D%3D;;;;;;;;;;;;;;;;;;;;;;
IC6;;UCC3803DTR;UCC3803DTR;SOIC127P600X175-8N;Switching Controllers Low-Power BiCMOS Current-Mode PWM;595-UCC3803D;595-UCC3803DTR;;https://www.mouser.com/Search/Refine.aspx?Keyword=595-UCC3803DTR;;;;;;;;;;;3.05;;;;;;;;;;;
IC7;1.6;FDS2672;FDS2672;SOIC127P600X175-8N;FDS2672, N-channel MOSFET Transistor 3.9 A 200 V, 8-Pin SOIC;512-FDS2672;512-FDS2672;FDS2672;https://www.mouser.com/Search/Refine.aspx?Keyword=512-FDS2672;;;;;;;;;;;1.54;6710481P;http://uk.rs-online.com/web/p/products/6710481P;;;;;;;;;
J2;1.75;6.29105E+11;6.29105E+11;6.29105E+11;WR-COM Micro USB 2.0 Type AB Horizontal;710-629105150921;;;;;;;;;Tape and Reel;6.29105E+11;5;;;1.9;;;;;;;;Horizontal;6.29105E+11;;30V(AC)
L2;0.057;60 Ohms @ 100MHz;L-EUL2012C;L2012C;INDUCTOR, European symbol;963-BKP2125HS600-T;;BKP2125HS600-T;;;;;;;;;;2;;;;;L;;;;;;;;
L3;2.31;33uH;MSS7341;MSS7341;Shielded Power Inductors;710-784770330;;784770330;;;;;;;;;;1;;2.55;;;;;;;;;;;
L5;0.057;Ferrite;L-EUL2012C;L2012C;INDUCTOR, European symbol;963-BKP2125HS600-T;;;;;;;;;;;;2;;;;;L;;;;;;;;
LED1;;SML-A15YTT86;SML-A15YTT86;SMLA15YTT86;Yellow 590nm LED Indication - Discrete 2.1V 2-SMD, No Lead;755-SML-A15YTT86;;;;;;;;;;;;;;0.25;;;;;;;;;;;
LS1;0.242;PKM13EPYH4002-B0;PKM13EPYH4002-B0;PKM13EPYH4002-B0;Transducer piezo PCB 30Vpp 70dB 12.6mm Murata Buzzer;81-PKM13EPYH4002-B0;;PKM13EPYH4002-B0;https://www.mouser.co.uk/ProductDetail/Murata-Electronics/PKM13EPYH4002-B0?qs=flZjIlU0hx09jX8FupUNIw%3D%3D;;;;;;;;;;;;;;;;;;;;;;
OL2;0;0R-JUMPA;0R-JUMPA;A0R-JMP;SMD 0R 0805 Jumper;;;;;;;;;;;;;3;;;;;;;;;;;;;
OLED;0;;MA04-1;MA04-1;PIN HEADER;;;;;;;unknown;unknown;;;;;41;;;;;;;;;;;;;
P1;0;;MA03-1;MA03-1;PIN HEADER;;;;;;;unknown;unknown;;;;;48;;;;;;;;;;;;;
P2;0;;MA05-1;MA05-1;PIN HEADER;;;;;;;unknown;unknown;;;;;29;;;;;;;;;;;;;
P3;0;;MA05-1;MA05-1;PIN HEADER;;;;;;;unknown;unknown;;;;;29;;;;;;;;;;;;;
PGM;;20021321-00010C4LF;20021321-00010C4LF;2002132100010C4LF;Headers & Wire Housings 1.27x1.27mm BTB, Hdr Recept, SMT, 10 Pos;649-202132100010C4LF;;;https://www.mouser.com/Search/Refine.aspx?Keyword=649-202132100010C4LF;;;;;;;;;;;;;;;;;;;;;;
PWM;;PTR1TP09R;PTR1TP09R;TP09R;TEST PIN;;;;;;;;;;;;;1;;;;;;;;;;;;;
R1;0.001;1k;R-US_R0805;R0805;RESISTOR, American symbol;;;;;;;;;;;;;;;;;;;;;;;;;;
R2;0.001;60k4;R-EU_R0805;R0805;RESISTOR, European symbol;603-RT0805FRE0760K4L;;;;;;;;;;;;86;;0.11;;;R;;;;;;;;
R3;0.001;10k;R-EU_M2012;M2012;RESISTOR, European symbol;;;;;;;;;;;;;0;;;;;R;;;;;;;;
R4;0.001;100k;R-US_R0805;R0805;RESISTOR, American symbol;;;;;;;;;;;;;;;;;;;;;;;;;;
R5;0.001;15k;R-US_0204/2V;0204V;RESISTOR, American symbol;;;;;;;;;;;;;;;;;;;;;;;;;;
R6;0.001;1k;R-US_M2012;M2012;RESISTOR, American symbol;;;;;;;;;;;;;;;;;;;;;;;;;;
R7;0.001;2k;R-EU_R0805;R0805;RESISTOR, European symbol;754-RR1220P-202D;;;;;;;;;;;;86;;;;;R;RR1220P-202-D;;;;;;;
R8;0.001;1k;R-EU_R0805;R0805;RESISTOR, European symbol;;;;;;;;;;;;;86;;;;;R;;;;;;;;
R9;0.001;100k;R-EU_R0805;R0805;RESISTOR, European symbol;;;;;;;;;;;;;86;;;;;R;;;;;;;;
R10;0.001;0R1;R-US_R2010;R2010;RESISTOR, American symbol;603-PE2010FKE070R1L;;;;;;;;;;;;;;0.7;;;;;;;;;;;
R11;0.001;10k;R-EU_M0805;M0805;RESISTOR, European symbol;;;;;;;;;;;;;;;;;;;;;;;;;;
R12;0.001;4.12k;R-EU_R0805;R0805;RESISTOR, European symbol;660-RN732ATD4121F100;;;;;;;;;;;;86;;;;;R;;;;;;;;
R13;0.001;10k;R-EU_M0805;M0805;RESISTOR, European symbol;;;;;;;;;;;;;;;;;;;;;;;;;;
R14;0.001;1k;R-US_M2012;M2012;RESISTOR, American symbol;;;;;;;;;;;;;;;;;;;;;;;;;;
R15;0.001;634k;R-EU_R0805;R0805;RESISTOR, European symbol;71-CRCW0603-634K-E3;;;;;;;;;;;;86;;;;;R;;;;;;;CRCW0603634KFKEA;
R16;0.001;7.68k;R-EU_R0805;R0805;RESISTOR, European symbol;71-CRCW0805-7.68K-E3;;;;;;;;;;;;86;;0.09;;;R;;;;;;;CRCW08057K68FKEA;
R17;0.001;1k;R-US_M2012;M2012;RESISTOR, American symbol;;;;;;;;;;;;;;;;;;;;;;;;;;
R18;0.001;10k;R-EU_M0805;M0805;RESISTOR, European symbol;;;;;;;;;;;;;;;;;;;;;;;;;;
R19;0.001;10k;R-EU_M0805;M0805;RESISTOR, European symbol;;;;;;;;;;;;;;;;;;;;;;;;;;
R20;0.001;47k;R-US_R0805;R0805;RESISTOR, American symbol;;;;;;;;;;;;;;;;;;;;;;;;;;
R21;0.001;100k;R-US_R0805;R0805;RESISTOR, American symbol;;;;;;;;;;;;;;;;;;;;;;;;;;
R22;0.001;1k;R-US_M2012;M2012;RESISTOR, American symbol;;;;;;;;;;;;;;;;;;;;;;;;;;
R25;0.001;1k;R-US_M2012;M2012;RESISTOR, American symbol;;;;;;;;;;;;;;;;;;;;;;;;;;
R26;0.001;1k;R-US_M2012;M2012;RESISTOR, American symbol;;;;;;;;;;;;;;;;;;;;;;;;;;
R27;0.001;1k;R-US_M2012;M2012;RESISTOR, American symbol;;;;;;;;;;;;;;;;;;;;;;;;;;
R28;0.001;1k;R-US_M2012;M2012;RESISTOR, American symbol;;;;;;;;;;;;;;;;;;;;;;;;;;
S1;0.365;TL3336AF160Q;TL3336AF160Q;TL3336AF160Q;Tactile Switches Tactile Switch SPST OFF-(ON) 50mA, 12VDC, Right Angle SMT;612-TL3336AF160Q;;;https://www.mouser.co.uk/ProductDetail/E-Switch/TL3336AF160Q?qs=iLbezkQI%252Bshf0NMs3%252BGhxA%3D%3D;;;;;;;;;;;;;;;;;;;;;;
T1;0.5;MMBTA42;BC846;SOT23;NPN TRANSISTOR;;;;;;;;;;;;;13;;;;;;;;;;;;;
T2;0.5;MMBTA42;BC846;SOT23;NPN TRANSISTOR;;;;;;;;;;;;;13;;;;;;;;;;;;;
T3;0.5;MMBTA42;BC846;SOT23;NPN TRANSISTOR;;;;;;;;;;;;;13;;;;;;;;;;;;;
T4;0.111;BSS123;BSS123;SOT23;N-CHANNEL MOS FET;726-BSS123NH6433;;;;;;;;;;;;21;;0.37;;;;;;;;;;;
TUBES;;;MA07-1;MA07-1;PIN HEADER;;;;;;;unknown;unknown;;;;;4;;;;;;;;;;;;;
TUBES1;;;MA07-1;MA07-1;PIN HEADER;;;;;;;unknown;unknown;;;;;4;;;;;;;;;;;;;
U$4;0;FIDUCIAL;FIDUCIAL;FIDUCIAL_1MM;For use by pick and place machines to calibrate the vision/machine, 1mm;;;;;;;;;;;;;;;;;;;;;;;;;;
U$5;0;FIDUCIAL;FIDUCIAL;FIDUCIAL_1MM;For use by pick and place machines to calibrate the vision/machine, 1mm;;;;;;;;;;;;;;;;;;;;;;;;;;
U$20;0;FIDUCIAL;FIDUCIAL;FIDUCIAL_1MM;For use by pick and place machines to calibrate the vision/machine, 1mm;;;;;;;;;;;;;;;;;;;;;;;;;;
U$36;0;FIDUCIAL;FIDUCIAL;FIDUCIAL_1MM;For use by pick and place machines to calibrate the vision/machine, 1mm;;;;;;;;;;;;;;;;;;;;;;;;;;
Y1;;RV-3028-C7_32.768KHZ_1PPM_TA_Q;RV-3028-C7_32.768KHZ_1PPM_TA_Q;RV3028C732768KHZ1PPMTAQC;Real Time Clock 32.768kHz I2C Time Acc. 1ppm;;428-203591-MG01;;https://www.mouser.co.uk/ProductDetail/Micro-Crystal/RV-3028-C7-32768kHz-1ppm-TA-QC?qs=u16ybLDytRaU7ZFJl2AxfQ%3D%3D;;;;;;;;;;;;;;;;;;;;;;
PCB;1;PCB;;;;;;;;;;;;;;;;;;;;;;;;;;;;;
